{
    "name": "root",
    "gauges": {
        "Drone.Policy.Entropy.mean": {
            "value": 1.4305509328842163,
            "min": 1.422413945198059,
            "max": 1.4305509328842163,
            "count": 2
        },
        "Drone.Policy.Entropy.sum": {
            "value": 71361.6015625,
            "min": 71361.6015625,
            "max": 72099.3203125,
            "count": 2
        },
        "Drone.Step.mean": {
            "value": 99985.0,
            "min": 49959.0,
            "max": 99985.0,
            "count": 2
        },
        "Drone.Step.sum": {
            "value": 99985.0,
            "min": 49959.0,
            "max": 99985.0,
            "count": 2
        },
        "Drone.Policy.ExtrinsicValueEstimate.mean": {
            "value": -0.10916845500469208,
            "min": -0.10916845500469208,
            "max": -0.017931150272488594,
            "count": 2
        },
        "Drone.Policy.ExtrinsicValueEstimate.sum": {
            "value": -86.57058715820312,
            "min": -86.57058715820312,
            "max": -14.004228591918945,
            "count": 2
        },
        "Drone.Losses.PolicyLoss.mean": {
            "value": 0.02263103291702767,
            "min": 0.021410984351920584,
            "max": 0.02263103291702767,
            "count": 2
        },
        "Drone.Losses.PolicyLoss.sum": {
            "value": 0.11315516458513836,
            "min": 0.08564393740768234,
            "max": 0.11315516458513836,
            "count": 2
        },
        "Drone.Losses.ValueLoss.mean": {
            "value": 0.0010294721547203759,
            "min": 0.00034535379236331213,
            "max": 0.0010294721547203759,
            "count": 2
        },
        "Drone.Losses.ValueLoss.sum": {
            "value": 0.00514736077360188,
            "min": 0.0013814151694532485,
            "max": 0.00514736077360188,
            "count": 2
        },
        "Drone.Policy.LearningRate.mean": {
            "value": 0.0002548602150465999,
            "min": 0.0002548602150465999,
            "max": 0.000283872005376,
            "count": 2
        },
        "Drone.Policy.LearningRate.sum": {
            "value": 0.0012743010752329996,
            "min": 0.001135488021504,
            "max": 0.0012743010752329996,
            "count": 2
        },
        "Drone.Policy.Epsilon.mean": {
            "value": 0.18495340000000002,
            "min": 0.18495340000000002,
            "max": 0.194624,
            "count": 2
        },
        "Drone.Policy.Epsilon.sum": {
            "value": 0.9247670000000001,
            "min": 0.778496,
            "max": 0.9247670000000001,
            "count": 2
        },
        "Drone.Policy.Beta.mean": {
            "value": 0.00424917466,
            "min": 0.00424917466,
            "max": 0.004731737600000001,
            "count": 2
        },
        "Drone.Policy.Beta.sum": {
            "value": 0.0212458733,
            "min": 0.018926950400000003,
            "max": 0.0212458733,
            "count": 2
        },
        "Drone.Environment.EpisodeLength.mean": {
            "value": 4413.533333333334,
            "min": 4134.0,
            "max": 4413.533333333334,
            "count": 2
        },
        "Drone.Environment.EpisodeLength.sum": {
            "value": 66203.0,
            "min": 4134.0,
            "max": 66203.0,
            "count": 2
        },
        "Drone.Environment.CumulativeReward.mean": {
            "value": -13.307061462725203,
            "min": -13.307061462725203,
            "max": -10.075522437691689,
            "count": 2
        },
        "Drone.Environment.CumulativeReward.sum": {
            "value": -199.60592194087803,
            "min": -199.60592194087803,
            "max": -10.075522437691689,
            "count": 2
        },
        "Drone.Policy.ExtrinsicReward.mean": {
            "value": -13.307061462725203,
            "min": -13.307061462725203,
            "max": -10.075522437691689,
            "count": 2
        },
        "Drone.Policy.ExtrinsicReward.sum": {
            "value": -199.60592194087803,
            "min": -199.60592194087803,
            "max": -10.075522437691689,
            "count": 2
        },
        "Drone.IsTraining.mean": {
            "value": 1.0,
            "min": 1.0,
            "max": 1.0,
            "count": 2
        },
        "Drone.IsTraining.sum": {
            "value": 1.0,
            "min": 1.0,
            "max": 1.0,
            "count": 2
        }
    },
    "metadata": {
        "timer_format_version": "0.1.0",
        "start_time_seconds": "1748237404",
        "python_version": "3.10.12 (main, Jul  5 2023, 15:34:07) [Clang 14.0.6 ]",
        "command_line_arguments": "/opt/anaconda3/envs/mlagents/bin/mlagents-learn --run-id=run-3-pos",
        "mlagents_version": "1.1.0",
        "mlagents_envs_version": "1.1.0",
        "communication_protocol_version": "1.5.0",
        "pytorch_version": "2.2.2",
        "numpy_version": "1.23.5",
        "end_time_seconds": "1748237681"
    },
    "total": 277.3830632083118,
    "count": 1,
    "self": 0.006381042767316103,
    "children": {
        "run_training.setup": {
            "total": 0.044241790659725666,
            "count": 1,
            "self": 0.044241790659725666
        },
        "TrainerController.start_learning": {
            "total": 277.33244037488475,
            "count": 1,
            "self": 0.1517133228480816,
            "children": {
                "TrainerController._reset_env": {
                    "total": 11.952533375006169,
                    "count": 1,
                    "self": 11.952533375006169
                },
                "TrainerController.advance": {
                    "total": 264.97291530203074,
                    "count": 8801,
                    "self": 0.13862089486792684,
                    "children": {
                        "env_step": {
                            "total": 246.5126944403164,
                            "count": 8801,
                            "self": 238.59088347060606,
                            "children": {
                                "SubprocessEnvManager._take_step": {
                                    "total": 7.808158761356026,
                                    "count": 8801,
                                    "self": 0.4756958009675145,
                                    "children": {
                                        "TorchPolicy.evaluate": {
                                            "total": 7.332462960388511,
                                            "count": 8801,
                                            "self": 7.332462960388511
                                        }
                                    }
                                },
                                "workers": {
                                    "total": 0.1136522083543241,
                                    "count": 8800,
                                    "self": 0.0,
                                    "children": {
                                        "worker_root": {
                                            "total": 201.6208917326294,
                                            "count": 8800,
                                            "is_parallel": true,
                                            "self": 37.44196163536981,
                                            "children": {
                                                "steps_from_proto": {
                                                    "total": 0.019250333309173584,
                                                    "count": 1,
                                                    "is_parallel": true,
                                                    "self": 0.0004394166171550751,