{
    "name": "root",
    "gauges": {
        "Drone.Policy.Entropy.mean": {
            "value": 1.4216628074645996,
            "min": 1.4216628074645996,
            "max": 1.4216628074645996,
            "count": 1
        },
        "Drone.Policy.Entropy.sum": {
            "value": 71515.328125,
            "min": 71515.328125,
            "max": 71515.328125,
            "count": 1
        },
        "Drone.Step.mean": {
            "value": 49984.0,
            "min": 49984.0,
            "max": 49984.0,
            "count": 1
        },
        "Drone.Step.sum": {
            "value": 49984.0,
            "min": 49984.0,
            "max": 49984.0,
            "count": 1
        },
        "Drone.Policy.ExtrinsicValueEstimate.mean": {
            "value": -1.043413519859314,
            "min": -1.043413519859314,
            "max": -1.043413519859314,
            "count": 1
        },
        "Drone.Policy.ExtrinsicValueEstimate.sum": {
            "value": -833.6874389648438,
            "min": -833.6874389648438,
            "max": -833.6874389648438,
            "count": 1
        },
        "Drone.Losses.PolicyLoss.mean": {
            "value": 0.024179980347253147,
            "min": 0.024179980347253147,
            "max": 0.024179980347253147,
            "count": 1
        },
        "Drone.Losses.PolicyLoss.sum": {
            "value": 0.09671992138901259,
            "min": 0.09671992138901259,
            "max": 0.09671992138901259,
            "count": 1
        },
        "Drone.Losses.ValueLoss.mean": {
            "value": 1139.4839228312173,
            "min": 1139.4839228312173,
            "max": 1139.4839228312173,
            "count": 1
        },
        "Drone.Losses.ValueLoss.sum": {
            "value": 4557.935691324869,
            "min": 4557.935691324869,
            "max": 4557.935691324869,
            "count": 1
        },
        "Drone.Policy.LearningRate.mean": {
            "value": 0.00028413120528959996,
            "min": 0.00028413120528959996,
            "max": 0.00028413120528959996,
            "count": 1
        },
        "Drone.Policy.LearningRate.sum": {
            "value": 0.0011365248211583998,
            "min": 0.0011365248211583998,
            "max": 0.0011365248211583998,
            "count": 1
        },
        "Drone.Policy.Epsilon.mean": {
            "value": 0.1947104,
            "min": 0.1947104,
            "max": 0.1947104,
            "count": 1
        },
        "Drone.Policy.Epsilon.sum": {
            "value": 0.7788416,
            "min": 0.7788416,
            "max": 0.7788416,
            "count": 1
        },
        "Drone.Policy.Beta.mean": {
            "value": 0.004736048960000001,
            "min": 0.004736048960000001,
            "max": 0.004736048960000001,
            "count": 1
        },
        "Drone.Policy.Beta.sum": {
            "value": 0.018944195840000004,
            "min": 0.018944195840000004,
            "max": 0.018944195840000004,
            "count": 1
        },
        "Drone.Environment.EpisodeLength.mean": {
            "value": 999.0,
            "min": 999.0,
            "max": 999.0,
            "count": 1
        },
        "Drone.Environment.EpisodeLength.sum": {
            "value": 47952.0,
            "min": 47952.0,
            "max": 47952.0,
            "count": 1
        },
        "Drone.Environment.CumulativeReward.mean": {
            "value": -2508.4815731048584,
            "min": -2508.4815731048584,
            "max": -2508.4815731048584,
            "count": 1
        },
        "Drone.Environment.CumulativeReward.sum": {
            "value": -120407.1155090332,
            "min": -120407.1155090332,
            "max": -120407.1155090332,
            "count": 1
        },
        "Drone.Policy.ExtrinsicReward.mean": {
            "value": -2508.4815731048584,
            "min": -2508.4815731048584,
            "max": -2508.4815731048584,
            "count": 1
        },
        "Drone.Policy.ExtrinsicReward.sum": {
            "value": -120407.1155090332,
            "min": -120407.1155090332,
            "max": -120407.1155090332,
            "count": 1
        },
        "Drone.IsTraining.mean": {
            "value": 1.0,
            "min": 1.0,
            "max": 1.0,
            "count": 1
        },
        "Drone.IsTraining.sum": {
            "value": 1.0,
            "min": 1.0,
            "max": 1.0,
            "count": 1
        }
    },
    "metadata": {
        "timer_format_version": "0.1.0",
        "start_time_seconds": "1748242733",
        "python_version": "3.10.12 (main, Jul  5 2023, 15:34:07) [Clang 14.0.6 ]",
        "command_line_arguments": "/opt/anaconda3/envs/mlagents/bin/mlagents-learn --run-id=run-5-pos --force",
        "mlagents_version": "1.1.0",
        "mlagents_envs_version": "1.1.0",
        "communication_protocol_version": "1.5.0",
        "pytorch_version": "2.2.2",
        "numpy_version": "1.23.5",
        "end_time_seconds": "1748243058"
    },
    "total": 324.77221854170784,
    "count": 1,
    "self": 0.0070775412023067474,
    "children": {
        "run_training.setup": {
            "total": 0.033015250228345394,
            "count": 1,
            "self": 0.033015250228345394
        },
        "TrainerController.start_learning": {
            "total": 324.7321257502772,
            "count": 1,
            "self": 0.06070397188887,
            "children": {
                "TrainerController._reset_env": {
                    "total": 10.922388416249305,
                    "count": 1,
                    "self": 10.922388416249305
                },
                "TrainerController.advance": {
                    "total": 313.5582993198186,
                    "count": 4467,
                    "self": 0.056472613010555506,
                    "children": {
                        "env_step": {
                            "total": 305.37665514741093,
                            "count": 4467,
                            "self": 301.94023698568344,
                            "children": {
                                "SubprocessEnvManager._take_step": {
                                    "total": 3.367463861592114,
                                    "count": 4467,
                                    "self": 0.19527817331254482,
                                    "children": {
                                        "TorchPolicy.evaluate": {
                                            "total": 3.172185688279569,
                                            "count": 4467,
                                            "self": 3.172185688279569
                                        }
                                    }
                                },
                                "workers": {
                                    "total": 0.06895430013537407,
                                    "count": 4466,
                                    "self": 0.0,
                                    "children": {
                                        "worker_root": {
                                            "total": 306.5681909364648,
                                            "count": 4466,
                                            "is_parallel": true,
                                            "self": 16.44615537021309,
                                            "children": {
                                                "steps_from_proto": {
                                                    "total": 0.009137332905083895,
                                                    "count": 1,
                                                    "is_parallel": true,
                                                    "self": 0.00016904063522815704,