{"count":1,"self":120.3143296,"total":448.66173899999995,"children":{"InitializeActuators":{"count":12,"self":0.0014349999999999999,"total":0.0014349999999999999,"children":null},"InitializeSensors":{"count":12,"self":0.0015429999999999999,"total":0.0015429999999999999,"children":null},"AgentSendState":{"count":8684,"self":0.491205,"total":2.438139,"children":{"CollectObservations":{"count":104208,"self":0.37304299999999996,"total":0.37304299999999996,"children":null},"WriteActionMask":{"count":104208,"self":0.10948899999999999,"total":0.10948899999999999,"children":null},"RequestDecision":{"count":104208,"self":0.38209,"total":1.464402,"children":{"AgentInfo.ToProto":{"count":104208,"self":0.367643,"total":1.082312,"children":{"GenerateSensorData":{"count":104208,"self":0.714669,"total":0.714669,"children":null}}}}}}},"DecideAction":{"count":8684,"self":324.74723839999996,"total":324.74724499999996,"children":null},"AgentAct":{"count":8684,"self":1.157681,"total":1.158766,"children":{"AgentInfo.ToProto":{"count":96,"self":0.000452,"total":0.001085,"children":{"GenerateSensorData":{"count":96,"self":0.000633,"total":0.000633,"children":null}}}}}},"gauges":{"Drone.CumulativeReward":{"count":96,"max":838.784058,"min":796.34845,"runningAverage":818.127258,"value":818.3906,"weightedAverage":815.1128}},"metadata":{"timer_format_version":"0.1.0","start_time_seconds":"1748230595","unity_version":"6000.1.3f1","command_line_arguments":"\/Applications\/Unity\/Unity-6000.1.3f1\/Unity.app\/Contents\/MacOS\/Unity -projectpath \/Users\/nishi\/Documents\/skyscout\/Unity\/SkyScout -useHub -hubIPC -cloudEnvironment production","communication_protocol_version":"1.5.0","com.unity.ml-agents_version":"3.0.0","scene_name":"","end_time_seconds":"1748231043"}}