{"count":1,"self":6858.0974591999993,"total":21938.963898399998,"children":{"InitializeActuators":{"count":1,"self":0.0020078,"total":0.0020078,"children":null},"InitializeSensors":{"count":1,"self":0.0009996,"total":0.0009996,"children":null},"AgentSendState":{"count":10000271,"self":46.7890144,"total":183.32052819999998,"children":{"CollectObservations":{"count":5000136,"self":32.874463999999996,"total":32.874465,"children":null},"WriteActionMask":{"count":5000136,"self":5.753724,"total":5.7537242,"children":null},"RequestDecision":{"count":5000136,"self":24.0048992,"total":97.9033256,"children":{"AgentInfo.ToProto":{"count":5000136,"self":25.1962576,"total":73.8984263,"children":{"GenerateSensorData":{"count":5000136,"self":48.7021696,"total":48.7021685,"children":null}}}}}}},"DecideAction":{"count":10000271,"self":14787.1432704,"total":14787.142486699999,"children":null},"AgentAct":{"count":10000271,"self":110.26301439999999,"total":110.399304,"children":{"AgentInfo.ToProto":{"count":10000,"self":0.040398699999999996,"total":0.13629249999999998,"children":{"GenerateSensorData":{"count":10000,"self":0.0958938,"total":0.0958938,"children":null}}}}}},"gauges":{"Drone Behavior.CumulativeReward":{"count":10000,"max":420.83963,"min":-51106.51,"runningAverage":-1039.78613,"value":-1103.65442,"weightedAverage":-1108.23828}},"metadata":{"timer_format_version":"0.1.0","start_time_seconds":"1748673326","unity_version":"6000.1.3f1","command_line_arguments":"C:\\Program Files\\Unity\\Hub\\Editor\\6000.1.3f1\\Editor\\Unity.exe -projectpath C:\\Users\\Shree V\\Desktop\\skyscout\\Unity\\SkyScout -useHub -hubIPC -cloudEnvironment production","communication_protocol_version":"1.5.0","com.unity.ml-agents_version":"3.0.0","scene_name":"TerrainScene","end_time_seconds":"1748695265"}}