{"count":1,"self":1318.4421888,"total":6947.7886539,"children":{"InitializeActuators":{"count":4,"self":0.0046152,"total":0.0046152,"children":null},"InitializeSensors":{"count":4,"self":0.003539,"total":0.003539,"children":null},"AgentSendState":{"count":812534,"self":14.6380368,"total":89.71093359999999,"children":{"CollectObservations":{"count":3250136,"self":31.766060799999998,"total":31.766061099999998,"children":null},"WriteActionMask":{"count":3250136,"self":2.7920504,"total":2.7920502999999997,"children":null},"RequestDecision":{"count":3250136,"self":9.7620576,"total":40.5147854,"children":{"AgentInfo.ToProto":{"count":3250136,"self":9.4483552,"total":30.752727999999998,"children":{"GenerateSensorData":{"count":3250136,"self":21.3043728,"total":21.3043724,"children":null}}}}}}},"DecideAction":{"count":812534,"self":5469.5247872,"total":5469.5248618999995,"children":null},"AgentAct":{"count":812534,"self":70.0666368,"total":70.1015587,"children":{"AgentInfo.ToProto":{"count":3248,"self":0.0142594,"total":0.0349188,"children":{"GenerateSensorData":{"count":3248,"self":0.020659399999999998,"total":0.020659399999999998,"children":null}}}}}},"gauges":{"Drone.CumulativeReward":{"count":3248,"max":499.104767,"min":-32378.1172,"runningAverage":-713.5902,"value":-117.0524,"weightedAverage":152.538269}},"metadata":{"timer_format_version":"0.1.0","start_time_seconds":"1748915179","unity_version":"6000.1.3f1","command_line_arguments":"C:\\Program Files\\Unity\\Hub\\Editor\\6000.1.3f1\\Editor\\Unity.exe -projectpath C:\\Users\\Shree V\\Desktop\\skyscout\\Unity\\SkyScout -useHub -hubIPC -cloudEnvironment production","communication_protocol_version":"1.5.0","com.unity.ml-agents_version":"3.0.0","scene_name":"TerrainScene","end_time_seconds":"1748922126"}}