{
    "name": "root",
    "gauges": {
        "Drone.Policy.Entropy.mean": {
            "value": 1.439894676208496,
            "min": 1.4212990999221802,
            "max": 1.4410364627838135,
            "count": 10
        },
        "Drone.Policy.Entropy.sum": {
            "value": 72432.4609375,
            "min": 70830.453125,
            "max": 72489.8984375,
            "count": 10
        },
        "Drone.Step.mean": {
            "value": 499936.0,
            "min": 49984.0,
            "max": 499936.0,
            "count": 10
        },
        "Drone.Step.sum": {
            "value": 499936.0,
            "min": 49984.0,
            "max": 499936.0,
            "count": 10
        },
        "Drone.Policy.ExtrinsicValueEstimate.mean": {
            "value": -2.531825304031372,
            "min": -7.124113082885742,
            "max": -0.6018977165222168,
            "count": 10
        },
        "Drone.Policy.ExtrinsicValueEstimate.sum": {
            "value": -2022.928466796875,
            "min": -5692.16650390625,
            "max": -481.5181884765625,
            "count": 10
        },
        "Drone.Losses.PolicyLoss.mean": {
            "value": 0.02452868020588843,
            "min": 0.022197722337829566,
            "max": 0.027045436178984042,
            "count": 10
        },
        "Drone.Losses.PolicyLoss.sum": {
            "value": 0.12264340102944214,
            "min": 0.10151307703733134,
            "max": 0.13005665825136628,
            "count": 10
        },
        "Drone.Losses.ValueLoss.mean": {
            "value": 4.596137000719706,
            "min": 3.623115714391073,
            "max": 3054.0563891569773,
            "count": 10
        },
        "Drone.Losses.ValueLoss.sum": {
            "value": 22.98068500359853,
            "min": 18.115578571955364,
            "max": 12216.22555662791,
            "count": 10
        },
        "Drone.Policy.LearningRate.mean": {
            "value": 1.6435294521600004e-05,
            "min": 1.6435294521600004e-05,
            "max": 0.00028413120528959996,
            "count": 10
        },
        "Drone.Policy.LearningRate.sum": {
            "value": 8.217647260800002e-05,
            "min": 8.217647260800002e-05,
            "max": 0.0012792192735935999,
            "count": 10
        },
        "Drone.Policy.Epsilon.mean": {
            "value": 0.10547840000000001,
            "min": 0.10547840000000001,
            "max": 0.1947104,
            "count": 10
        },
        "Drone.Policy.Epsilon.sum": {
            "value": 0.5273920000000001,
            "min": 0.45969920000000003,
            "max": 0.9264063999999999,
            "count": 10
        },
        "Drone.Policy.Beta.mean": {
            "value": 0.00028337216000000006,
            "min": 0.00028337216000000006,
            "max": 0.004736048960000001,
            "count": 10
        },
        "Drone.Policy.Beta.sum": {
            "value": 0.0014168608000000003,
            "min": 0.0014168608000000003,
            "max": 0.021327679359999997,
            "count": 10
        },
        "Drone.Environment.EpisodeLength.mean": {
            "value": 999.0,
            "min": 999.0,
            "max": 999.0,
            "count": 10
        },
        "Drone.Environment.EpisodeLength.sum": {
            "value": 47952.0,
            "min": 47952.0,
            "max": 59940.0,
            "count": 10
        },
        "Drone.Environment.CumulativeReward.mean": {
            "value": -52.67207106823722,
            "min": -557.1016517579556,
            "max": -0.036810962451716604,
            "count": 10
        },
        "Drone.Environment.CumulativeReward.sum": {
            "value": -2528.259411275387,
            "min": -26740.879284381866,
            "max": -2.1718467846512794,
            "count": 10
        },
        "Drone.Policy.ExtrinsicReward.mean": {
            "value": -52.67207106823722,
            "min": -557.1016517579556,
            "max": -0.036810962451716604,
            "count": 10
        },
        "Drone.Policy.ExtrinsicReward.sum": {
            "value": -2528.259411275387,
            "min": -26740.879284381866,
            "max": -2.1718467846512794,
            "count": 10
        },
        "Drone.IsTraining.mean": {
            "value": 1.0,
            "min": 1.0,
            "max": 1.0,
            "count": 10
        },
        "Drone.IsTraining.sum": {
            "value": 1.0,
            "min": 1.0,
            "max": 1.0,
            "count": 10
        }
    },
    "metadata": {
        "timer_format_version": "0.1.0",
        "start_time_seconds": "1748663301",
        "python_version": "3.10.12 (main, Jul  5 2023, 15:02:25) [Clang 14.0.6 ]",
        "command_line_arguments": "/Users/hamza/anaconda3/envs/mlagents/bin/mlagents-learn results/many-drones-1/configuration.yaml --force --run-id=many-drones-1",
        "mlagents_version": "1.1.0",
        "mlagents_envs_version": "1.1.0",
        "communication_protocol_version": "1.5.0",
        "pytorch_version": "2.7.0",
        "numpy_version": "1.23.5",
        "end_time_seconds": "1748663658"
    },
    "total": 356.63323537498945,
    "count": 1,
    "self": 0.005516832985449582,
    "children": {
        "run_training.setup": {
            "total": 0.017695375019684434,
            "count": 1,
            "self": 0.017695375019684434
        },
        "TrainerController.start_learning": {
            "total": 356.6100231669843,
            "count": 1,
            "self": 0.3444789415807463,
            "children": {
                "TrainerController._reset_env": {
                    "total": 7.26605874998495,
                    "count": 1,
                    "self": 7.26605874998495
                },
                "TrainerController.advance": {
                    "total": 348.9867797664483,
                    "count": 41704,
                    "self": 0.3385295319603756,
                    "children": {
                        "env_step": {
                            "total": 305.7808490852476,
                            "count": 41704,
                            "self": 291.58987637684913,
                            "children": {
                                "SubprocessEnvManager._take_step": {
                                    "total": 13.939992953964975,
                                    "count": 41704,
                                    "self": 0.97105970751727,
                                    "children": {
                                        "TorchPolicy.evaluate": {
                                            "total": 12.968933246447705,
                                            "count": 41704,
                                            "self": 12.968933246447705
                                        }
                                    }
                                },
                                "workers": {
                                    "total": 0.2509797544335015,
                                    "count": 41704,
                                    "self": 0.0,
                                    "children": {
                                        "worker_root": {
                                            "total": 349.4534255271428,
                                            "count": 41704,
                                            "is_parallel": true,
                                            "self": 79.85427438403713,
                                            "children": {
                                                "steps_from_proto": {
                                                    "total": 0.0010806249920278788,
                                                    "count": 1,
                                                    "is_parallel": true,
                                                    "self": 0.00017479195958003402,