{
    "name": "root",
    "gauges": {
        "Drone.Policy.Entropy.mean": {
            "value": 1.413116693496704,
            "min": 1.413116693496704,
            "max": 1.4190233945846558,
            "count": 10
        },
        "Drone.Policy.Entropy.sum": {
            "value": 71085.421875,
            "min": 69729.2578125,
            "max": 71382.5546875,
            "count": 10
        },
        "Drone.Step.mean": {
            "value": 499936.0,
            "min": 49984.0,
            "max": 499936.0,
            "count": 10
        },
        "Drone.Step.sum": {
            "value": 499936.0,
            "min": 49984.0,
            "max": 499936.0,
            "count": 10
        },
        "Drone.Policy.ExtrinsicValueEstimate.mean": {
            "value": -11.543449401855469,
            "min": -15.829753875732422,
            "max": -2.3683879375457764,
            "count": 10
        },
        "Drone.Policy.ExtrinsicValueEstimate.sum": {
            "value": -9223.2158203125,
            "min": -12663.802734375,
            "max": -1892.3419189453125,
            "count": 10
        },
        "Drone.Losses.PolicyLoss.mean": {
            "value": 0.025663907065366705,
            "min": 0.021685434454508747,
            "max": 0.02736842064089918,
            "count": 10
        },
        "Drone.Losses.PolicyLoss.sum": {
            "value": 0.12831953532683352,
            "min": 0.08944610216033955,
            "max": 0.12889190720161423,
            "count": 10
        },
        "Drone.Losses.ValueLoss.mean": {
            "value": 10.197912823359172,
            "min": 9.656897465387981,
            "max": 14.03842617670695,
            "count": 10
        },
        "Drone.Losses.ValueLoss.sum": {
            "value": 50.989564116795854,
            "min": 42.72693518002828,
            "max": 60.978363529841104,
            "count": 10
        },
        "Drone.Policy.LearningRate.mean": {
            "value": 1.6435294521600004e-05,
            "min": 1.6435294521600004e-05,
            "max": 0.00028413120528959996,
            "count": 10
        },
        "Drone.Policy.LearningRate.sum": {
            "value": 8.217647260800002e-05,
            "min": 8.217647260800002e-05,
            "max": 0.0012792192735935999,
            "count": 10
        },
        "Drone.Policy.Epsilon.mean": {
            "value": 0.10547840000000001,
            "min": 0.10547840000000001,
            "max": 0.1947104,
            "count": 10
        },
        "Drone.Policy.Epsilon.sum": {
            "value": 0.5273920000000001,
            "min": 0.45969920000000003,
            "max": 0.9264063999999999,
            "count": 10
        },
        "Drone.Policy.Beta.mean": {
            "value": 0.00028337216000000006,
            "min": 0.00028337216000000006,
            "max": 0.004736048960000001,
            "count": 10
        },
        "Drone.Policy.Beta.sum": {
            "value": 0.0014168608000000003,
            "min": 0.0014168608000000003,
            "max": 0.021327679359999997,
            "count": 10
        },
        "Drone.Environment.EpisodeLength.mean": {
            "value": 999.0,
            "min": 999.0,
            "max": 999.0,
            "count": 10
        },
        "Drone.Environment.EpisodeLength.sum": {
            "value": 47952.0,
            "min": 47952.0,
            "max": 59940.0,
            "count": 10
        },
        "Drone.Environment.CumulativeReward.mean": {
            "value": -137.8499330660949,
            "min": -258.4846575728928,
            "max": -106.57179118411578,
            "count": 10
        },
        "Drone.Environment.CumulativeReward.sum": {
            "value": -6616.796787172556,
            "min": -12407.263563498855,
            "max": -5222.017768021673,
            "count": 10
        },
        "Drone.Policy.ExtrinsicReward.mean": {
            "value": -137.8499330660949,
            "min": -258.4846575728928,
            "max": -106.57179118411578,
            "count": 10
        },
        "Drone.Policy.ExtrinsicReward.sum": {
            "value": -6616.796787172556,
            "min": -12407.263563498855,
            "max": -5222.017768021673,
            "count": 10
        },
        "Drone.IsTraining.mean": {
            "value": 1.0,
            "min": 1.0,
            "max": 1.0,
            "count": 10
        },
        "Drone.IsTraining.sum": {
            "value": 1.0,
            "min": 1.0,
            "max": 1.0,
            "count": 10
        }
    },
    "metadata": {
        "timer_format_version": "0.1.0",
        "start_time_seconds": "1748561092",
        "python_version": "3.10.12 (main, Jul  5 2023, 15:02:25) [Clang 14.0.6 ]",
        "command_line_arguments": "/Users/hamza/anaconda3/envs/mlagents/bin/mlagents-learn results/many-drones-1/configuration.yaml --force --run-id=many-drones-1",
        "mlagents_version": "1.1.0",
        "mlagents_envs_version": "1.1.0",
        "communication_protocol_version": "1.5.0",
        "pytorch_version": "2.7.0",
        "numpy_version": "1.23.5",
        "end_time_seconds": "1748561446"
    },
    "total": 354.4243083749898,
    "count": 1,
    "self": 0.00633004104020074,
    "children": {
        "run_training.setup": {
            "total": 0.01865995896514505,
            "count": 1,
            "self": 0.01865995896514505
        },
        "TrainerController.start_learning": {
            "total": 354.39931837498443,
            "count": 1,
            "self": 0.30694232136011124,
            "children": {
                "TrainerController._reset_env": {
                    "total": 7.951547459000722,
                    "count": 1,
                    "self": 7.951547459000722
                },
                "TrainerController.advance": {
                    "total": 346.1285734695848,
                    "count": 41704,
                    "self": 0.2796643158653751,
                    "children": {
                        "env_step": {
                            "total": 304.7583380495198,
                            "count": 41704,
                            "self": 292.1526398452115,
                            "children": {
                                "SubprocessEnvManager._take_step": {
                                    "total": 12.364236593653914,
                                    "count": 41704,
                                    "self": 0.8646538439788856,
                                    "children": {
                                        "TorchPolicy.evaluate": {
                                            "total": 11.499582749675028,
                                            "count": 41704,
                                            "self": 11.499582749675028
                                        }
                                    }
                                },
                                "workers": {
                                    "total": 0.241461610654369,
                                    "count": 41704,
                                    "self": 0.0,
                                    "children": {
                                        "worker_root": {
                                            "total": 346.6739010656602,
                                            "count": 41704,
                                            "is_parallel": true,
                                            "self": 74.4169247020036,
                                            "children": {
                                                "steps_from_proto": {
                                                    "total": 0.0037467500078491867,
                                                    "count": 1,
                                                    "is_parallel": true,
                                                    "self": 0.0020427910494618118,