{
    "name": "root",
    "gauges": {
        "Drone.Policy.Entropy.mean": {
            "value": 1.426993489265442,
            "min": 1.4192721843719482,
            "max": 1.426993489265442,
            "count": 3
        },
        "Drone.Policy.Entropy.sum": {
            "value": 71064.2734375,
            "min": 71064.2734375,
            "max": 71594.9921875,
            "count": 3
        },
        "Drone.Step.mean": {
            "value": 149962.0,
            "min": 49984.0,
            "max": 149962.0,
            "count": 3
        },
        "Drone.Step.sum": {
            "value": 149962.0,
            "min": 49984.0,
            "max": 149962.0,
            "count": 3
        },
        "Drone.Policy.ExtrinsicValueEstimate.mean": {
            "value": -0.14957331120967865,
            "min": -0.14957331120967865,
            "max": -0.07654252648353577,
            "count": 3
        },
        "Drone.Policy.ExtrinsicValueEstimate.sum": {
            "value": -119.95779418945312,
            "min": -119.95779418945312,
            "max": -61.15747833251953,
            "count": 3
        },
        "Drone.Losses.PolicyLoss.mean": {
            "value": 0.021398073370801286,
            "min": 0.021398073370801286,
            "max": 0.025123070064000785,
            "count": 3
        },
        "Drone.Losses.PolicyLoss.sum": {
            "value": 0.10699036685400642,
            "min": 0.08833000881131739,
            "max": 0.12561535032000393,
            "count": 3
        },
        "Drone.Losses.ValueLoss.mean": {
            "value": 0.0011973262592800894,
            "min": 7.314282321506957e-05,
            "max": 0.0011973262592800894,
            "count": 3
        },
        "Drone.Losses.ValueLoss.sum": {
            "value": 0.005986631296400447,
            "min": 0.00036571411607534785,
            "max": 0.005986631296400447,
            "count": 3
        },
        "Drone.Policy.LearningRate.mean": {
            "value": 0.00022448630517124,
            "min": 0.00022448630517124,
            "max": 0.00028413120528959996,
            "count": 3
        },
        "Drone.Policy.LearningRate.sum": {
            "value": 0.0011224315258562,
            "min": 0.0011224315258562,
            "max": 0.0012792192735935999,
            "count": 3
        },
        "Drone.Policy.Epsilon.mean": {
            "value": 0.17482876,
            "min": 0.17482876,
            "max": 0.1947104,
            "count": 3
        },
        "Drone.Policy.Epsilon.sum": {
            "value": 0.8741438,
            "min": 0.7788416,
            "max": 0.9264063999999999,
            "count": 3
        },
        "Drone.Policy.Beta.mean": {
            "value": 0.003743955124,
            "min": 0.003743955124,
            "max": 0.004736048960000001,
            "count": 3
        },
        "Drone.Policy.Beta.sum": {
            "value": 0.01871977562,
            "min": 0.01871977562,
            "max": 0.021327679359999997,
            "count": 3
        },
        "Drone.Environment.EpisodeLength.mean": {
            "value": 976.5416666666666,
            "min": 976.5416666666666,
            "max": 999.0,
            "count": 3
        },
        "Drone.Environment.EpisodeLength.sum": {
            "value": 46874.0,
            "min": 46874.0,
            "max": 47952.0,
            "count": 3
        },
        "Drone.Environment.CumulativeReward.mean": {
            "value": -2.3643311879908047,
            "min": -2.5175274628369757,
            "max": -2.0964092777576298,
            "count": 3
        },
        "Drone.Environment.CumulativeReward.sum": {
            "value": -113.48789702355862,
            "min": -120.84131821617484,
            "max": -100.62764533236623,
            "count": 3
        },
        "Drone.Policy.ExtrinsicReward.mean": {
            "value": -2.3643311879908047,
            "min": -2.5175274628369757,
            "max": -2.0964092777576298,
            "count": 3
        },
        "Drone.Policy.ExtrinsicReward.sum": {
            "value": -113.48789702355862,
            "min": -120.84131821617484,
            "max": -100.62764533236623,
            "count": 3
        },
        "Drone.IsTraining.mean": {
            "value": 1.0,
            "min": 1.0,
            "max": 1.0,
            "count": 3
        },
        "Drone.IsTraining.sum": {
            "value": 1.0,
            "min": 1.0,
            "max": 1.0,
            "count": 3
        }
    },
    "metadata": {
        "timer_format_version": "0.1.0",
        "start_time_seconds": "1748238392",
        "python_version": "3.10.12 (main, Jul  5 2023, 15:34:07) [Clang 14.0.6 ]",
        "command_line_arguments": "/opt/anaconda3/envs/mlagents/bin/mlagents-learn --run-id=run-4-pos --force",
        "mlagents_version": "1.1.0",
        "mlagents_envs_version": "1.1.0",
        "communication_protocol_version": "1.5.0",
        "pytorch_version": "2.2.2",
        "numpy_version": "1.23.5",
        "end_time_seconds": "1748238939"
    },
    "total": 547.436357665807,
    "count": 1,
    "self": 0.00623841630294919,
    "children": {
        "run_training.setup": {
            "total": 0.031091957818716764,
            "count": 1,
            "self": 0.031091957818716764
        },
        "TrainerController.start_learning": {
            "total": 547.3990272916853,
            "count": 1,
            "self": 0.23084896011278033,
            "children": {
                "TrainerController._reset_env": {
                    "total": 10.499760709237307,
                    "count": 1,
                    "self": 10.499760709237307
                },
                "TrainerController.advance": {
                    "total": 536.4535112474114,
                    "count": 16501,
                    "self": 0.2171735456213355,
                    "children": {
                        "env_step": {
                            "total": 505.09503349335864,
                            "count": 16501,
                            "self": 493.09130016341805,
                            "children": {
                                "SubprocessEnvManager._take_step": {
                                    "total": 11.837866091635078,
                                    "count": 16501,
                                    "self": 0.7217756067402661,
                                    "children": {
                                        "TorchPolicy.evaluate": {
                                            "total": 11.116090484894812,
                                            "count": 16501,
                                            "self": 11.116090484894812
                                        }
                                    }
                                },
                                "workers": {
                                    "total": 0.1658672383055091,
                                    "count": 16500,
                                    "self": 0.0,
                                    "children": {
                                        "worker_root": {
                                            "total": 466.9671458648518,
                                            "count": 16500,
                                            "is_parallel": true,
                                            "self": 59.36482880730182,
                                            "children": {
                                                "steps_from_proto": {
                                                    "total": 0.01769762532785535,
                                                    "count": 1,
                                                    "is_parallel": true,
                                                    "self": 0.0011946256272494793,