{
    "name": "root",
    "gauges": {
        "Drone.Policy.Entropy.mean": {
            "value": 1.433746099472046,
            "min": 1.4220271110534668,
            "max": 1.433746099472046,
            "count": 6
        },
        "Drone.Policy.Entropy.sum": {
            "value": 70609.125,
            "min": 70609.125,
            "max": 72079.7109375,
            "count": 6
        },
        "Drone.Step.mean": {
            "value": 299992.0,
            "min": 49984.0,
            "max": 299992.0,
            "count": 6
        },
        "Drone.Step.sum": {
            "value": 299992.0,
            "min": 49984.0,
            "max": 299992.0,
            "count": 6
        },
        "Drone.Policy.ExtrinsicValueEstimate.mean": {
            "value": 79.79574584960938,
            "min": 2.5106916427612305,
            "max": 79.79574584960938,
            "count": 6
        },
        "Drone.Policy.ExtrinsicValueEstimate.sum": {
            "value": 63118.4375,
            "min": 1960.8502197265625,
            "max": 63118.4375,
            "count": 6
        },
        "Drone.Losses.PolicyLoss.mean": {
            "value": 0.0240896766326235,
            "min": 0.022813872868816053,
            "max": 0.02581617652516191,
            "count": 6
        },
        "Drone.Losses.PolicyLoss.sum": {
            "value": 0.096358706530494,
            "min": 0.09153574181351967,
            "max": 0.12908088262580955,
            "count": 6
        },
        "Drone.Losses.ValueLoss.mean": {
            "value": 1.3233175550897915,
            "min": 1.3233175550897915,
            "max": 102.31006848017375,
            "count": 6
        },
        "Drone.Losses.ValueLoss.sum": {
            "value": 5.293270220359166,
            "min": 5.293270220359166,
            "max": 409.240273920695,
            "count": 6
        },
        "Drone.Policy.LearningRate.mean": {
            "value": 0.000135264054912,
            "min": 0.000135264054912,
            "max": 0.000283872005376,
            "count": 6
        },
        "Drone.Policy.LearningRate.sum": {
            "value": 0.000541056219648,
            "min": 0.000541056219648,
            "max": 0.0012739776753408,
            "count": 6
        },
        "Drone.Policy.Epsilon.mean": {
            "value": 0.145088,
            "min": 0.145088,
            "max": 0.194624,
            "count": 6
        },
        "Drone.Policy.Epsilon.sum": {
            "value": 0.580352,
            "min": 0.580352,
            "max": 0.9246592,
            "count": 6
        },
        "Drone.Policy.Beta.mean": {
            "value": 0.0022598912000000005,
            "min": 0.0022598912000000005,
            "max": 0.004731737600000001,
            "count": 6
        },
        "Drone.Policy.Beta.sum": {
            "value": 0.009039564800000002,
            "min": 0.009039564800000002,
            "max": 0.021240494080000002,
            "count": 6
        },
        "Drone.IsTraining.mean": {
            "value": 1.0,
            "min": 1.0,
            "max": 1.0,
            "count": 6
        },
        "Drone.IsTraining.sum": {
            "value": 1.0,
            "min": 1.0,
            "max": 1.0,
            "count": 6
        },
        "Drone.Environment.EpisodeLength.mean": {
            "value": 4999.0,
            "min": 4999.0,
            "max": 4999.0,
            "count": 5
        },
        "Drone.Environment.EpisodeLength.sum": {
            "value": 59988.0,
            "min": 59988.0,
            "max": 59988.0,
            "count": 5
        },
        "Drone.Environment.CumulativeReward.mean": {
            "value": 4144.705439307473,
            "min": 4133.486997644107,
            "max": 4160.365816473961,
            "count": 5
        },
        "Drone.Environment.CumulativeReward.sum": {
            "value": 45591.7598323822,
            "min": 45591.7598323822,
            "max": 49924.38979768753,
            "count": 5
        },
        "Drone.Policy.ExtrinsicReward.mean": {
            "value": 4144.705439307473,
            "min": 4133.486997644107,
            "max": 4160.365816473961,
            "count": 5
        },
        "Drone.Policy.ExtrinsicReward.sum": {
            "value": 45591.7598323822,
            "min": 45591.7598323822,
            "max": 49924.38979768753,
            "count": 5
        }
    },
    "metadata": {
        "timer_format_version": "0.1.0",
        "start_time_seconds": "1748236031",
        "python_version": "3.10.12 (main, Jul  5 2023, 15:34:07) [Clang 14.0.6 ]",
        "command_line_arguments": "/opt/anaconda3/envs/mlagents/bin/mlagents-learn --run-id=run-2 --force",
        "mlagents_version": "1.1.0",
        "mlagents_envs_version": "1.1.0",
        "communication_protocol_version": "1.5.0",
        "pytorch_version": "2.2.2",
        "numpy_version": "1.23.5",
        "end_time_seconds": "1748236569"
    },
    "total": 538.106574583333,
    "count": 1,
    "self": 0.007416125386953354,
    "children": {
        "run_training.setup": {
            "total": 0.03716687485575676,
            "count": 1,
            "self": 0.03716687485575676
        },
        "TrainerController.start_learning": {
            "total": 538.0619915830903,
            "count": 1,
            "self": 0.3035794054158032,
            "children": {
                "TrainerController._reset_env": {
                    "total": 47.51072104135528,
                    "count": 1,
                    "self": 47.51072104135528
                },
                "TrainerController.advance": {
                    "total": 489.8762340522371,
                    "count": 27817,
                    "self": 0.29638993740081787,
                    "children": {
                        "env_step": {
                            "total": 438.83474699081853,
                            "count": 27817,
                            "self": 423.1580031812191,
                            "children": {
                                "SubprocessEnvManager._take_step": {
                                    "total": 15.442585855722427,
                                    "count": 27817,
                                    "self": 1.0044020805507898,
                                    "children": {
                                        "TorchPolicy.evaluate": {
                                            "total": 14.438183775171638,
                                            "count": 27817,
                                            "self": 14.438183775171638
                                        }
                                    }
                                },
                                "workers": {
                                    "total": 0.234157953877002,
                                    "count": 27816,
                                    "self": 0.0,
                                    "children": {
                                        "worker_root": {
                                            "total": 365.88568727113307,
                                            "count": 27816,
                                            "is_parallel": true,
                                            "self": 87.7793441824615,
                                            "children": {
                                                "steps_from_proto": {
                                                    "total": 0.013236334081739187,
                                                    "count": 1,
                                                    "is_parallel": true,
                                                    "self": 0.0002528340555727482,
                                                    "children": {
                                                        "_process_rank_one_or_two_observation": {
                                                            "total": 0.012983500026166439,