{
    "name": "root",
    "gauges": {
        "Drone.Policy.Entropy.mean": {
            "value": 1.4025237560272217,
            "min": 1.4025237560272217,
            "max": 1.4246182441711426,
            "count": 10
        },
        "Drone.Policy.Entropy.sum": {
            "value": 71629.6953125,
            "min": 69436.8359375,
            "max": 72631.703125,
            "count": 10
        },
        "Drone.Step.mean": {
            "value": 499936.0,
            "min": 49920.0,
            "max": 499936.0,
            "count": 10
        },
        "Drone.Step.sum": {
            "value": 499936.0,
            "min": 49920.0,
            "max": 499936.0,
            "count": 10
        },
        "Drone.Policy.ExtrinsicValueEstimate.mean": {
            "value": 77.32672882080078,
            "min": 2.049952268600464,
            "max": 77.32672882080078,
            "count": 10
        },
        "Drone.Policy.ExtrinsicValueEstimate.sum": {
            "value": 30930.69140625,
            "min": 817.9309692382812,
            "max": 30930.69140625,
            "count": 10
        },
        "Drone.Environment.EpisodeLength.mean": {
            "value": 999.0,
            "min": 999.0,
            "max": 999.0,
            "count": 10
        },
        "Drone.Environment.EpisodeLength.sum": {
            "value": 47952.0,
            "min": 47952.0,
            "max": 59940.0,
            "count": 10
        },
        "Drone.Environment.CumulativeReward.mean": {
            "value": 803.8326999346415,
            "min": 773.3730632464091,
            "max": 818.168711344401,
            "count": 10
        },
        "Drone.Environment.CumulativeReward.sum": {
            "value": 38583.96959686279,
            "min": 37121.90703582764,
            "max": 46128.94151687622,
            "count": 10
        },
        "Drone.Policy.ExtrinsicReward.mean": {
            "value": 803.8326999346415,
            "min": 773.3730632464091,
            "max": 818.168711344401,
            "count": 10
        },
        "Drone.Policy.ExtrinsicReward.sum": {
            "value": 38583.96959686279,
            "min": 37121.90703582764,
            "max": 46128.94151687622,
            "count": 10
        },
        "Drone.Losses.PolicyLoss.mean": {
            "value": 0.018942022880219157,
            "min": 0.014142755570355804,
            "max": 0.018942022880219157,
            "count": 10
        },
        "Drone.Losses.PolicyLoss.sum": {
            "value": 0.037884045760438315,
            "min": 0.02828551114071161,
            "max": 0.05097591969970381,
            "count": 10
        },
        "Drone.Losses.ValueLoss.mean": {
            "value": 1.2786997571587562,
            "min": 1.1769419953227043,
            "max": 118.71839222908021,
            "count": 10
        },
        "Drone.Losses.ValueLoss.sum": {
            "value": 2.5573995143175123,
            "min": 2.3538839906454085,
            "max": 237.43678445816042,
            "count": 10
        },
        "Drone.Policy.LearningRate.mean": {
            "value": 2.7392094521599997e-05,
            "min": 2.7392094521599997e-05,
            "max": 0.0004683200063359999,
            "count": 10
        },
        "Drone.Policy.LearningRate.sum": {
            "value": 5.4784189043199995e-05,
            "min": 5.4784189043199995e-05,
            "max": 0.0011215680756863997,
            "count": 10
        },
        "Drone.Policy.Epsilon.mean": {
            "value": 0.11095680000000002,
            "min": 0.11095680000000002,
            "max": 0.28732800000000003,
            "count": 10
        },
        "Drone.Policy.Epsilon.sum": {
            "value": 0.22191360000000004,
            "min": 0.22191360000000004,
            "max": 0.7486271999999999,
            "count": 10
        },
        "Drone.Policy.Beta.mean": {
            "value": 0.00055729216,
            "min": 0.00055729216,
            "max": 0.009367033600000001,
            "count": 10
        },
        "Drone.Policy.Beta.sum": {
            "value": 0.00111458432,
            "min": 0.00111458432,
            "max": 0.02243892864,
            "count": 10
        },
        "Drone.IsTraining.mean": {
            "value": 1.0,
            "min": 1.0,
            "max": 1.0,
            "count": 10
        },
        "Drone.IsTraining.sum": {
            "value": 1.0,
            "min": 1.0,
            "max": 1.0,
            "count": 10
        }
    },
    "metadata": {
        "timer_format_version": "0.1.0",
        "start_time_seconds": "1748220447",
        "python_version": "3.10.12 (main, Jul  5 2023, 15:02:25) [Clang 14.0.6 ]",
        "command_line_arguments": "/Users/hamza/anaconda3/envs/mlagents/bin/mlagents-learn results/ppo/drone_config.yaml --force --run-id=many-drones-1",
        "mlagents_version": "1.1.0",
        "mlagents_envs_version": "1.1.0",
        "communication_protocol_version": "1.5.0",
        "pytorch_version": "2.7.0",
        "numpy_version": "1.23.5",
        "end_time_seconds": "1748220866"
    },
    "total": 419.3180589170006,
    "count": 1,
    "self": 0.0050737089914036915,
    "children": {
        "run_training.setup": {
            "total": 0.02154016700660577,
            "count": 1,
            "self": 0.02154016700660577
        },
        "TrainerController.start_learning": {
            "total": 419.2914450410026,
            "count": 1,
            "self": 0.4198639123351313,
            "children": {
                "TrainerController._reset_env": {
                    "total": 9.896981375000905,
                    "count": 1,
                    "self": 9.896981375000905
                },
                "TrainerController.advance": {
                    "total": 408.95828392066323,
                    "count": 41768,
                    "self": 0.36498054047115147,
                    "children": {
                        "env_step": {
                            "total": 345.3163008144693,
                            "count": 41768,
                            "self": 329.6945852930221,
                            "children": {
                                "SubprocessEnvManager._take_step": {
                                    "total": 15.332255673485633,
                                    "count": 41768,
                                    "self": 1.1811156505718827,
                                    "children": {
                                        "TorchPolicy.evaluate": {
                                            "total": 14.15114002291375,
                                            "count": 41768,
                                            "self": 14.15114002291375
                                        }
                                    }
                                },
                                "workers": {
                                    "total": 0.28945984796155244,
                                    "count": 41768,
                                    "self": 0.0,
                                    "children": {
                                        "worker_root": {
                                            "total": 409.477158834663,
                                            "count": 41768,
                                            "is_parallel": true,
                                            "self": 104.66587398622505,
                                            "children": {
                                                "steps_from_proto": {
                                                    "total": 0.0008244580021710135,
                                                    "count": 1,
                                                    "is_parallel": true,
                                                    "self": 0.00020345800294307992,