{
    "name": "root",
    "gauges": {
        "Drone.Policy.Entropy.mean": {
            "value": 1.0703191757202148,
            "min": 1.0703191757202148,
            "max": 1.4336715936660767,
            "count": 100
        },
        "Drone.Policy.Entropy.sum": {
            "value": 53464.58203125,
            "min": 53464.58203125,
            "max": 71752.3984375,
            "count": 100
        },
        "Drone.Step.mean": {
            "value": 4999896.0,
            "min": 49920.0,
            "max": 4999896.0,
            "count": 100
        },
        "Drone.Step.sum": {
            "value": 4999896.0,
            "min": 49920.0,
            "max": 4999896.0,
            "count": 100
        },
        "Drone.Policy.ExtrinsicValueEstimate.mean": {
            "value": -24.613130569458008,
            "min": -452.8211364746094,
            "max": -17.769304275512695,
            "count": 100
        },
        "Drone.Policy.ExtrinsicValueEstimate.sum": {
            "value": -9845.251953125,
            "min": -181128.453125,
            "max": -7089.95263671875,
            "count": 100
        },
        "Drone.Environment.EpisodeLength.mean": {
            "value": 999.0,
            "min": 999.0,
            "max": 999.0,
            "count": 100
        },
        "Drone.Environment.EpisodeLength.sum": {
            "value": 51948.0,
            "min": 47952.0,
            "max": 51948.0,
            "count": 100
        },
        "Drone.Environment.CumulativeReward.mean": {
            "value": -335.757270083854,
            "min": -6264.146455176613,
            "max": -335.757270083854,
            "count": 100
        },
        "Drone.Environment.CumulativeReward.sum": {
            "value": -17123.620774276555,
            "min": -319471.46921400726,
            "max": -17123.620774276555,
            "count": 100
        },
        "Drone.Policy.ExtrinsicReward.mean": {
            "value": -335.757270083854,
            "min": -6264.146455176613,
            "max": -335.757270083854,
            "count": 100
        },
        "Drone.Policy.ExtrinsicReward.sum": {
            "value": -17123.620774276555,
            "min": -319471.46921400726,
            "max": -17123.620774276555,
            "count": 100
        },
        "Drone.Losses.PolicyLoss.mean": {
            "value": 0.024264354023034687,
            "min": 0.020462186983786525,
            "max": 0.032061418555288886,
            "count": 100
        },
        "Drone.Losses.PolicyLoss.sum": {
            "value": 0.07279306206910406,
            "min": 0.04092437396757305,
            "max": 0.08284100205055438,
            "count": 100
        },
        "Drone.Losses.ValueLoss.mean": {
            "value": 38.749598015679254,
            "min": 6.449688855806986,
            "max": 19615.19887797038,
            "count": 100
        },
        "Drone.Losses.ValueLoss.sum": {
            "value": 116.24879404703776,
            "min": 12.899377711613973,
            "max": 39230.39775594076,
            "count": 100
        },
        "Drone.Policy.LearningRate.mean": {
            "value": 4.3904995609599795e-06,
            "min": 4.3904995609599795e-06,
            "max": 0.00099384640061536,
            "count": 100
        },
        "Drone.Policy.LearningRate.sum": {
            "value": 1.317149868287994e-05,
            "min": 1.317149868287994e-05,
            "max": 0.00292615680738432,
            "count": 100
        },
        "Drone.Policy.Epsilon.mean": {
            "value": 0.10043904000000002,
            "min": 0.10043904000000002,
            "max": 0.19938464,
            "count": 100
        },
        "Drone.Policy.Epsilon.sum": {
            "value": 0.30131712000000005,
            "min": 0.20292928000000005,
            "max": 0.5926156800000002,
            "count": 100
        },
        "Drone.Policy.Beta.mean": {
            "value": 3.190809599999989e-05,
            "min": 3.190809599999989e-05,
            "max": 0.004969293536000001,
            "count": 100
        },
        "Drone.Policy.Beta.sum": {
            "value": 9.572428799999967e-05,
            "min": 9.572428799999967e-05,
            "max": 0.014631522432000004,
            "count": 100
        },
        "Drone.IsTraining.mean": {
            "value": 1.0,
            "min": 1.0,
            "max": 1.0,
            "count": 100
        },
        "Drone.IsTraining.sum": {
            "value": 1.0,
            "min": 1.0,
            "max": 1.0,
            "count": 100
        }
    },
    "metadata": {
        "timer_format_version": "0.1.0",
        "start_time_seconds": "1748850919",
        "python_version": "3.8.5 (default, Sep  3 2020, 21:29:08) [MSC v.1916 64 bit (AMD64)]",
        "command_line_arguments": "C:\\Users\\Shree V\\anaconda3\\Scripts\\mlagents-learn results/many-drones-1/configuration.yaml --force --run-id=many-drones-1",
        "mlagents_version": "0.26.0",
        "mlagents_envs_version": "0.26.0",
        "communication_protocol_version": "1.5.0",
        "pytorch_version": "1.10.2",
        "numpy_version": "1.21.2",
        "end_time_seconds": "1748857691"
    },
    "total": 6772.0569712,
    "count": 1,
    "self": 0.010420099999464583,
    "children": {
        "run_training.setup": {
            "total": 0.2427416,
            "count": 1,
            "self": 0.2427416
        },
        "TrainerController.start_learning": {
            "total": 6771.8038095,
            "count": 1,
            "self": 20.53008059939384,
            "children": {
                "TrainerController._reset_env": {
                    "total": 52.1951229,
                    "count": 1,
                    "self": 52.1951229
                },
                "TrainerController.advance": {
                    "total": 6699.023264700607,
                    "count": 1250128,
                    "self": 18.12577450068875,
                    "children": {
                        "env_step": {
                            "total": 5698.294482900013,
                            "count": 1250128,
                            "self": 4969.243669900365,
                            "children": {
                                "SubprocessEnvManager._take_step": {
                                    "total": 715.0726065996391,
                                    "count": 1250128,
                                    "self": 59.45082979941117,
                                    "children": {
                                        "TorchPolicy.evaluate": {
                                            "total": 655.621776800228,
                                            "count": 1250128,
                                            "self": 140.3158424007529,
                                            "children": {
                                                "TorchPolicy.sample_actions": {
                                                    "total": 515.3059343994751,
                                                    "count": 1250128,
                                                    "self": 515.3059343994751
                                                }
                                            }
                                        }
                                    }
                                },
                                "workers": {
                                    "total": 13.978206400009007,
                                    "count": 1250128,
                                    "self": 0.0,
                                    "children": {
                                        "worker_root": {
                                            "total": 6689.203223599891,
                                            "count": 1250128,
                                            "is_parallel": true,
                                            "self": 2774.2390221993005,