{
    "name": "root",
    "gauges": {
        "Drone.Policy.Entropy.mean": {
            "value": 1.0604766607284546,
            "min": 1.0604766607284546,
            "max": 1.4183518886566162,
            "count": 65
        },
        "Drone.Policy.Entropy.sum": {
            "value": 53074.734375,
            "min": 53070.94921875,
            "max": 70985.5078125,
            "count": 65
        },
        "Drone.Step.mean": {
            "value": 3249920.0,
            "min": 49920.0,
            "max": 3249920.0,
            "count": 65
        },
        "Drone.Step.sum": {
            "value": 3249920.0,
            "min": 49920.0,
            "max": 3249920.0,
            "count": 65
        },
        "Drone.Policy.ExtrinsicValueEstimate.mean": {
            "value": 3.632861375808716,
            "min": -184.45481872558594,
            "max": 6.772789478302002,
            "count": 65
        },
        "Drone.Policy.ExtrinsicValueEstimate.sum": {
            "value": 1453.14453125,
            "min": -73781.9296875,
            "max": 2709.11572265625,
            "count": 65
        },
        "Drone.Environment.EpisodeLength.mean": {
            "value": 999.0,
            "min": 999.0,
            "max": 999.0,
            "count": 65
        },
        "Drone.Environment.EpisodeLength.sum": {
            "value": 47952.0,
            "min": 47952.0,
            "max": 51948.0,
            "count": 65
        },
        "Drone.Environment.CumulativeReward.mean": {
            "value": -97.93094994948835,
            "min": -2331.007442484299,
            "max": -25.04593267394047,
            "count": 65
        },
        "Drone.Environment.CumulativeReward.sum": {
            "value": -4798.616547524929,
            "min": -111888.35723924637,
            "max": -1277.342566370964,
            "count": 65
        },
        "Drone.Policy.ExtrinsicReward.mean": {
            "value": -97.93094994948835,
            "min": -2331.007442484299,
            "max": -25.04593267394047,
            "count": 65
        },
        "Drone.Policy.ExtrinsicReward.sum": {
            "value": -4798.616547524929,
            "min": -111888.35723924637,
            "max": -1277.342566370964,
            "count": 65
        },
        "Drone.Losses.PolicyLoss.mean": {
            "value": 0.021029768638739673,
            "min": 0.021029768638739673,
            "max": 0.02814238627227799,
            "count": 65
        },
        "Drone.Losses.PolicyLoss.sum": {
            "value": 0.042059537277479346,
            "min": 0.042059537277479346,
            "max": 0.08162328532198444,
            "count": 65
        },
        "Drone.Losses.ValueLoss.mean": {
            "value": 61.61299851735433,
            "min": 22.390541283289593,
            "max": 933.9688709682888,
            "count": 65
        },
        "Drone.Losses.ValueLoss.sum": {
            "value": 123.22599703470866,
            "min": 44.78108256657919,
            "max": 2801.9066129048665,
            "count": 65
        },
        "Drone.Policy.LearningRate.mean": {
            "value": 0.0003561440643856,
            "min": 0.0003561440643856,
            "max": 0.00099384640061536,
            "count": 65
        },
        "Drone.Policy.LearningRate.sum": {
            "value": 0.0007122881287712,
            "min": 0.0007122881287712,
            "max": 0.00292615680738432,
            "count": 65
        },
        "Drone.Policy.Epsilon.mean": {
            "value": 0.13561440000000002,
            "min": 0.13561440000000002,
            "max": 0.19938464,
            "count": 65
        },
        "Drone.Policy.Epsilon.sum": {
            "value": 0.27122880000000005,
            "min": 0.27122880000000005,
            "max": 0.5926156800000002,
            "count": 65
        },
        "Drone.Policy.Beta.mean": {
            "value": 0.0017871585600000002,
            "min": 0.0017871585600000002,
            "max": 0.004969293536000001,
            "count": 65
        },
        "Drone.Policy.Beta.sum": {
            "value": 0.0035743171200000004,
            "min": 0.0035743171200000004,
            "max": 0.014631522432000004,
            "count": 65
        },
        "Drone.IsTraining.mean": {
            "value": 1.0,
            "min": 1.0,
            "max": 1.0,
            "count": 65
        },
        "Drone.IsTraining.sum": {
            "value": 1.0,
            "min": 1.0,
            "max": 1.0,
            "count": 65
        }
    },
    "metadata": {
        "timer_format_version": "0.1.0",
        "start_time_seconds": "1748915121",
        "python_version": "3.8.5 (default, Sep  3 2020, 21:29:08) [MSC v.1916 64 bit (AMD64)]",
        "command_line_arguments": "C:\\Users\\Shree V\\anaconda3\\Scripts\\mlagents-learn results/many-drones-1/configuration.yaml --force --run-id=many-drones-1",
        "mlagents_version": "0.26.0",
        "mlagents_envs_version": "0.26.0",
        "communication_protocol_version": "1.5.0",
        "pytorch_version": "1.10.2",
        "numpy_version": "1.21.2",
        "end_time_seconds": "1748922127"
    },
    "total": 7005.7163386,
    "count": 1,
    "self": 0.01808649999929912,
    "children": {
        "run_training.setup": {
            "total": 0.47354289999999954,
            "count": 1,
            "self": 0.47354289999999954
        },
        "TrainerController.start_learning": {
            "total": 7005.224709200001,
            "count": 1,
            "self": 23.473819699708656,
            "children": {
                "TrainerController._reset_env": {
                    "total": 59.1138906,
                    "count": 1,
                    "self": 59.1138906
                },
                "TrainerController.advance": {
                    "total": 6922.381482400292,
                    "count": 812517,
                    "self": 22.19162400068035,
                    "children": {
                        "env_step": {
                            "total": 5596.98955659972,
                            "count": 812517,
                            "self": 4760.714193499837,
                            "children": {
                                "SubprocessEnvManager._take_step": {
                                    "total": 820.1442671000304,
                                    "count": 812517,
                                    "self": 69.56422190018839,
                                    "children": {
                                        "TorchPolicy.evaluate": {
                                            "total": 750.5800451998421,
                                            "count": 812517,
                                            "self": 160.63332529965885,
                                            "children": {
                                                "TorchPolicy.sample_actions": {
                                                    "total": 589.9467199001832,
                                                    "count": 812517,
                                                    "self": 589.9467199001832
                                                }
                                            }
                                        }
                                    }
                                },
                                "workers": {
                                    "total": 16.13109599985235,
                                    "count": 812516,
                                    "self": 0.0,
                                    "children": {
                                        "worker_root": {
                                            "total": 6910.403687399862,
                                            "count": 812516,
                                            "is_parallel": true,
                                            "self": 3360.713867499897,