{
    "name": "root",
    "gauges": {
        "DroneBehaviorNew.Policy.Entropy.mean": {
            "value": 1.4245309829711914,
            "min": 1.4205291271209717,
            "max": 1.4275219440460205,
            "count": 10
        },
        "DroneBehaviorNew.Policy.Entropy.sum": {
            "value": 72753.6484375,
            "min": 70215.546875,
            "max": 72858.7109375,
            "count": 10
        },
        "DroneBehaviorNew.Step.mean": {
            "value": 499936.0,
            "min": 49920.0,
            "max": 499936.0,
            "count": 10
        },
        "DroneBehaviorNew.Step.sum": {
            "value": 499936.0,
            "min": 49920.0,
            "max": 499936.0,
            "count": 10
        },
        "DroneBehaviorNew.Policy.ExtrinsicValueEstimate.mean": {
            "value": -54.526065826416016,
            "min": -54.526065826416016,
            "max": -3.5168447494506836,
            "count": 10
        },
        "DroneBehaviorNew.Policy.ExtrinsicValueEstimate.sum": {
            "value": -21810.42578125,
            "min": -21810.42578125,
            "max": -1403.2210693359375,
            "count": 10
        },
        "DroneBehaviorNew.Environment.EpisodeLength.mean": {
            "value": 999.0,
            "min": 999.0,
            "max": 999.0,
            "count": 10
        },
        "DroneBehaviorNew.Environment.EpisodeLength.sum": {
            "value": 47952.0,
            "min": 47952.0,
            "max": 59940.0,
            "count": 10
        },
        "DroneBehaviorNew.Environment.CumulativeReward.mean": {
            "value": -591.3168855048716,
            "min": -664.3812409068147,
            "max": -582.9880867910882,
            "count": 10
        },
        "DroneBehaviorNew.Environment.CumulativeReward.sum": {
            "value": -28383.210504233837,
            "min": -34458.15959709883,
            "max": -27983.428165972233,
            "count": 10
        },
        "DroneBehaviorNew.Policy.ExtrinsicReward.mean": {
            "value": -591.3168855048716,
            "min": -664.3812409068147,
            "max": -582.9880867910882,
            "count": 10
        },
        "DroneBehaviorNew.Policy.ExtrinsicReward.sum": {
            "value": -28383.210504233837,
            "min": -34458.15959709883,
            "max": -27983.428165972233,
            "count": 10
        },
        "DroneBehaviorNew.Losses.PolicyLoss.mean": {
            "value": 0.016213845164020312,
            "min": 0.016044169223459904,
            "max": 0.01932658505465952,
            "count": 10
        },
        "DroneBehaviorNew.Losses.PolicyLoss.sum": {
            "value": 0.032427690328040625,
            "min": 0.032427690328040625,
            "max": 0.05233558225154411,
            "count": 10
        },
        "DroneBehaviorNew.Losses.ValueLoss.mean": {
            "value": 32.366400718688965,
            "min": 31.42531340122223,
            "max": 80.69514117240905,
            "count": 10
        },
        "DroneBehaviorNew.Losses.ValueLoss.sum": {
            "value": 64.73280143737793,
            "min": 62.85062680244446,
            "max": 210.15666656494142,
            "count": 10
        },
        "DroneBehaviorNew.Policy.LearningRate.mean": {
            "value": 3.8348894521599994e-05,
            "min": 3.8348894521599994e-05,
            "max": 0.000655648006336,
            "count": 10
        },
        "DroneBehaviorNew.Policy.LearningRate.sum": {
            "value": 7.669778904319999e-05,
            "min": 7.669778904319999e-05,
            "max": 0.0015701952756864,
            "count": 10
        },
        "DroneBehaviorNew.Policy.Epsilon.mean": {
            "value": 0.11095680000000002,
            "min": 0.11095680000000002,
            "max": 0.28732800000000003,
            "count": 10
        },
        "DroneBehaviorNew.Policy.Epsilon.sum": {
            "value": 0.22191360000000004,
            "min": 0.22191360000000004,
            "max": 0.7486271999999999,
            "count": 10
        },
        "DroneBehaviorNew.Policy.Beta.mean": {
            "value": 0.00055729216,
            "min": 0.00055729216,
            "max": 0.009367033600000001,
            "count": 10
        },
        "DroneBehaviorNew.Policy.Beta.sum": {
            "value": 0.00111458432,
            "min": 0.00111458432,
            "max": 0.02243892864,
            "count": 10
        },
        "DroneBehaviorNew.IsTraining.mean": {
            "value": 1.0,
            "min": 1.0,
            "max": 1.0,
            "count": 10
        },
        "DroneBehaviorNew.IsTraining.sum": {
            "value": 1.0,
            "min": 1.0,
            "max": 1.0,
            "count": 10
        }
    },
    "metadata": {
        "timer_format_version": "0.1.0",
        "start_time_seconds": "1748298654",
        "python_version": "3.10.12 (main, Jul  5 2023, 15:02:25) [Clang 14.0.6 ]",
        "command_line_arguments": "/Users/hamza/anaconda3/envs/mlagents/bin/mlagents-learn results/ppo/drone_config.yaml --force --run-id=many-drones-1",
        "mlagents_version": "1.1.0",
        "mlagents_envs_version": "1.1.0",
        "communication_protocol_version": "1.5.0",
        "pytorch_version": "2.7.0",
        "numpy_version": "1.23.5",
        "end_time_seconds": "1748299009"
    },
    "total": 355.6793941250071,
    "count": 1,
    "self": 0.008351875017979182,
    "children": {
        "run_training.setup": {
            "total": 0.017783291987143457,
            "count": 1,
            "self": 0.017783291987143457
        },
        "TrainerController.start_learning": {
            "total": 355.65325895800197,
            "count": 1,
            "self": 0.34118884803319816,
            "children": {
                "TrainerController._reset_env": {
                    "total": 5.554864791003638,
                    "count": 1,
                    "self": 5.554864791003638
                },
                "TrainerController.advance": {
                    "total": 349.7448834849638,
                    "count": 41768,
                    "self": 0.3010538796806941,
                    "children": {
                        "env_step": {
                            "total": 300.2487400160753,
                            "count": 41768,
                            "self": 286.60826472476765,
                            "children": {
                                "SubprocessEnvManager._take_step": {
                                    "total": 13.381969355905312,
                                    "count": 41768,
                                    "self": 0.987177383096423,
                                    "children": {
                                        "TorchPolicy.evaluate": {
                                            "total": 12.39479197280889,
                                            "count": 41768,
                                            "self": 12.39479197280889
                                        }
                                    }
                                },
                                "workers": {
                                    "total": 0.2585059354023542,
                                    "count": 41768,
                                    "self": 0.0,
                                    "children": {
                                        "worker_root": {
                                            "total": 350.1362194898102,
                                            "count": 41768,
                                            "is_parallel": true,
                                            "self": 85.2251417379448,
                                            "children": {
                                                "steps_from_proto": {
                                                    "total": 0.001652417005971074,
                                                    "count": 1,