{
    "name": "root",
    "gauges": {
        "Drone.Policy.Entropy.mean": {
            "value": 1.155326247215271,
            "min": 1.155326247215271,
            "max": 1.4263646602630615,
            "count": 26
        },
        "Drone.Policy.Entropy.sum": {
            "value": 57230.23828125,
            "min": 57230.23828125,
            "max": 72643.5546875,
            "count": 26
        },
        "Drone.Step.mean": {
            "value": 1299968.0,
            "min": 49920.0,
            "max": 1299968.0,
            "count": 26
        },
        "Drone.Step.sum": {
            "value": 1299968.0,
            "min": 49920.0,
            "max": 1299968.0,
            "count": 26
        },
        "Drone.Policy.ExtrinsicValueEstimate.mean": {
            "value": 32.529232025146484,
            "min": -6.659650802612305,
            "max": 32.529232025146484,
            "count": 26
        },
        "Drone.Policy.ExtrinsicValueEstimate.sum": {
            "value": 13011.693359375,
            "min": -2663.8603515625,
            "max": 13011.693359375,
            "count": 26
        },
        "Drone.Environment.EpisodeLength.mean": {
            "value": 999.0,
            "min": 999.0,
            "max": 999.0,
            "count": 26
        },
        "Drone.Environment.EpisodeLength.sum": {
            "value": 47952.0,
            "min": 47952.0,
            "max": 59940.0,
            "count": 26
        },
        "Drone.Environment.CumulativeReward.mean": {
            "value": 345.13402926921844,
            "min": -234.23949772057435,
            "max": 345.13402926921844,
            "count": 26
        },
        "Drone.Environment.CumulativeReward.sum": {
            "value": 16566.433404922485,
            "min": -11243.495890587568,
            "max": 19323.417934417725,
            "count": 26
        },
        "Drone.Policy.ExtrinsicReward.mean": {
            "value": 345.13402926921844,
            "min": -234.23949772057435,
            "max": 345.13402926921844,
            "count": 26
        },
        "Drone.Policy.ExtrinsicReward.sum": {
            "value": 16566.433404922485,
            "min": -11243.495890587568,
            "max": 19323.417934417725,
            "count": 26
        },
        "Drone.Losses.PolicyLoss.mean": {
            "value": 0.022962966020956325,
            "min": 0.021175947523928092,
            "max": 0.027433969299211942,
            "count": 26
        },
        "Drone.Losses.PolicyLoss.sum": {
            "value": 0.04592593204191265,
            "min": 0.04371039199953278,
            "max": 0.08197129459003918,
            "count": 26
        },
        "Drone.Losses.ValueLoss.mean": {
            "value": 0.670836710681518,
            "min": 0.670836710681518,
            "max": 6.214635438389248,
            "count": 26
        },
        "Drone.Losses.ValueLoss.sum": {
            "value": 1.341673421363036,
            "min": 1.341673421363036,
            "max": 18.643906315167744,
            "count": 26
        },
        "Drone.Policy.LearningRate.mean": {
            "value": 0.0007458784254121599,
            "min": 0.0007458784254121599,
            "max": 0.0009936640006336,
            "count": 26
        },
        "Drone.Policy.LearningRate.sum": {
            "value": 0.0014917568508243198,
            "min": 0.0014917568508243198,
            "max": 0.00292431360756864,
            "count": 26
        },
        "Drone.Policy.Epsilon.mean": {
            "value": 0.17458784000000002,
            "min": 0.17458784000000002,
            "max": 0.19936640000000005,
            "count": 26
        },
        "Drone.Policy.Epsilon.sum": {
            "value": 0.34917568000000004,
            "min": 0.34917568000000004,
            "max": 0.5924313600000002,
            "count": 26
        },
        "Drone.Policy.Beta.mean": {
            "value": 0.0037319332159999998,
            "min": 0.0037319332159999998,
            "max": 0.00496838336,
            "count": 26
        },
        "Drone.Policy.Beta.sum": {
            "value": 0.0074638664319999996,
            "min": 0.0074638664319999996,
            "max": 0.014622324863999999,
            "count": 26
        },
        "Drone.IsTraining.mean": {
            "value": 1.0,
            "min": 1.0,
            "max": 1.0,
            "count": 26
        },
        "Drone.IsTraining.sum": {
            "value": 1.0,
            "min": 1.0,
            "max": 1.0,
            "count": 26
        }
    },
    "metadata": {
        "timer_format_version": "0.1.0",
        "start_time_seconds": "1748391313",
        "python_version": "3.8.5 (default, Sep  3 2020, 21:29:08) [MSC v.1916 64 bit (AMD64)]",
        "command_line_arguments": "C:\\Users\\Shree V\\anaconda3\\Scripts\\mlagents-learn results/many-drones-1/configuration.yaml --force --run-id=many-drones-1",
        "mlagents_version": "0.26.0",
        "mlagents_envs_version": "0.26.0",
        "communication_protocol_version": "1.5.0",
        "pytorch_version": "1.10.2",
        "numpy_version": "1.21.2",
        "end_time_seconds": "1748392612"
    },
    "total": 1299.2368803,
    "count": 1,
    "self": 0.010484799999858296,
    "children": {
        "run_training.setup": {
            "total": 0.2598889999999998,
            "count": 1,
            "self": 0.2598889999999998
        },
        "TrainerController.start_learning": {
            "total": 1298.9665065000002,
            "count": 1,
            "self": 3.0143329999968955,
            "children": {
                "TrainerController._reset_env": {
                    "total": 12.2353833,
                    "count": 1,
                    "self": 12.2353833
                },
                "TrainerController.advance": {
                    "total": 1283.4722588000034,
                    "count": 111695,
                    "self": 2.840561400023489,
                    "children": {
                        "env_step": {
                            "total": 909.3985737000058,
                            "count": 111695,
                            "self": 783.9072251999992,
                            "children": {
                                "SubprocessEnvManager._take_step": {
                                    "total": 123.39450509999969,
                                    "count": 111695,
                                    "self": 9.477308699978977,
                                    "children": {
                                        "TorchPolicy.evaluate": {
                                            "total": 113.91719640002071,
                                            "count": 111695,
                                            "self": 21.929165800033488,
                                            "children": {
                                                "TorchPolicy.sample_actions": {
                                                    "total": 91.98803059998723,
                                                    "count": 111695,
                                                    "self": 91.98803059998723
                                                }
                                            }
                                        }
                                    }
                                },
                                "workers": {
                                    "total": 2.096843400006998,
                                    "count": 111694,
                                    "self": 0.0,
                                    "children": {
                                        "worker_root": {
                                            "total": 1282.2279907999953,
                                            "count": 111694,
                                            "is_parallel": true,
                                            "self": 676.3844565000226,