{
    "name": "root",
    "gauges": {
        "Drone.Policy.Entropy.mean": {
            "value": 0.9965245723724365,
            "min": 0.9959850907325745,
            "max": 1.4223648309707642,
            "count": 100
        },
        "Drone.Policy.Entropy.sum": {
            "value": 50894.50390625,
            "min": 49051.7890625,
            "max": 72643.015625,
            "count": 100
        },
        "Drone.Step.mean": {
            "value": 4999936.0,
            "min": 49920.0,
            "max": 4999936.0,
            "count": 100
        },
        "Drone.Step.sum": {
            "value": 4999936.0,
            "min": 49920.0,
            "max": 4999936.0,
            "count": 100
        },
        "Drone.Policy.ExtrinsicValueEstimate.mean": {
            "value": -5.494272232055664,
            "min": -15.233758926391602,
            "max": -1.9737170934677124,
            "count": 100
        },
        "Drone.Policy.ExtrinsicValueEstimate.sum": {
            "value": -2197.708984375,
            "min": -6093.50341796875,
            "max": -787.5131225585938,
            "count": 100
        },
        "Drone.Environment.EpisodeLength.mean": {
            "value": 999.0,
            "min": 999.0,
            "max": 999.0,
            "count": 100
        },
        "Drone.Environment.EpisodeLength.sum": {
            "value": 47952.0,
            "min": 47952.0,
            "max": 59940.0,
            "count": 100
        },
        "Drone.Environment.CumulativeReward.mean": {
            "value": -59.27176097444802,
            "min": -191.65992178519568,
            "max": -36.560775758288166,
            "count": 100
        },
        "Drone.Environment.CumulativeReward.sum": {
            "value": -2845.044526773505,
            "min": -9907.02365231514,
            "max": -2157.085769739002,
            "count": 100
        },
        "Drone.Policy.ExtrinsicReward.mean": {
            "value": -59.27176097444802,
            "min": -191.65992178519568,
            "max": -36.560775758288166,
            "count": 100
        },
        "Drone.Policy.ExtrinsicReward.sum": {
            "value": -2845.044526773505,
            "min": -9907.02365231514,
            "max": -2157.085769739002,
            "count": 100
        },
        "Drone.Losses.PolicyLoss.mean": {
            "value": 0.02409965465550259,
            "min": 0.020811993180541322,
            "max": 0.02951437462567507,
            "count": 100
        },
        "Drone.Losses.PolicyLoss.sum": {
            "value": 0.07229896396650777,
            "min": 0.041623986361082645,
            "max": 0.08646545643471958,
            "count": 100
        },
        "Drone.Losses.ValueLoss.mean": {
            "value": 0.21950952261686327,
            "min": 0.04435297141058578,
            "max": 2.0343387557400594,
            "count": 100
        },
        "Drone.Losses.ValueLoss.sum": {
            "value": 0.6585285678505898,
            "min": 0.09110935591161251,
            "max": 6.103016267220179,
            "count": 100
        },
        "Drone.Policy.LearningRate.mean": {
            "value": 4.576099542400026e-06,
            "min": 4.576099542400026e-06,
            "max": 0.0009936640006336,
            "count": 100
        },
        "Drone.Policy.LearningRate.sum": {
            "value": 1.3728298627200077e-05,
            "min": 1.3728298627200077e-05,
            "max": 0.00292431360756864,
            "count": 100
        },
        "Drone.Policy.Epsilon.mean": {
            "value": 0.1004576,
            "min": 0.1004576,
            "max": 0.19936640000000005,
            "count": 100
        },
        "Drone.Policy.Epsilon.sum": {
            "value": 0.3013728,
            "min": 0.20301568000000003,
            "max": 0.5924313600000002,
            "count": 100
        },
        "Drone.Policy.Beta.mean": {
            "value": 3.283424000000012e-05,
            "min": 3.283424000000012e-05,
            "max": 0.00496838336,
            "count": 100
        },
        "Drone.Policy.Beta.sum": {
            "value": 9.850272000000038e-05,
            "min": 9.850272000000038e-05,
            "max": 0.014622324863999999,
            "count": 100
        },
        "Drone.IsTraining.mean": {
            "value": 1.0,
            "min": 1.0,
            "max": 1.0,
            "count": 100
        },
        "Drone.IsTraining.sum": {
            "value": 1.0,
            "min": 1.0,
            "max": 1.0,
            "count": 100
        }
    },
    "metadata": {
        "timer_format_version": "0.1.0",
        "start_time_seconds": "1748334586",
        "python_version": "3.8.5 (default, Sep  3 2020, 21:29:08) [MSC v.1916 64 bit (AMD64)]",
        "command_line_arguments": "C:\\Users\\Shree V\\anaconda3\\Scripts\\mlagents-learn results/many-drones-1/configuration.yaml --force --run-id=many-drones-1",
        "mlagents_version": "0.26.0",
        "mlagents_envs_version": "0.26.0",
        "communication_protocol_version": "1.5.0",
        "pytorch_version": "1.10.2",
        "numpy_version": "1.21.2",
        "end_time_seconds": "1748338795"
    },
    "total": 4209.2825875,
    "count": 1,
    "self": 0.0538948999992499,
    "children": {
        "run_training.setup": {
            "total": 0.24295279999999986,
            "count": 1,
            "self": 0.24295279999999986
        },
        "TrainerController.start_learning": {
            "total": 4208.9857398,
            "count": 1,
            "self": 7.824107100133006,
            "children": {
                "TrainerController._reset_env": {
                    "total": 15.611031399999998,
                    "count": 1,
                    "self": 15.611031399999998
                },
                "TrainerController.advance": {
                    "total": 4185.470023499867,
                    "count": 416768,
                    "self": 7.240970799902243,
                    "children": {
                        "env_step": {
                            "total": 3175.0111962999713,
                            "count": 416768,
                            "self": 2861.343794999934,
                            "children": {
                                "SubprocessEnvManager._take_step": {
                                    "total": 308.0492510999959,
                                    "count": 416768,
                                    "self": 24.725453000000414,
                                    "children": {
                                        "TorchPolicy.evaluate": {
                                            "total": 283.3237980999955,
                                            "count": 416768,
                                            "self": 56.776521500085664,
                                            "children": {
                                                "TorchPolicy.sample_actions": {
                                                    "total": 226.54727659990982,
                                                    "count": 416768,
                                                    "self": 226.54727659990982
                                                }
                                            }
                                        }
                                    }
                                },
                                "workers": {
                                    "total": 5.618150200041473,
                                    "count": 416768,
                                    "self": 0.0,
                                    "children": {
                                        "worker_root": {
                                            "total": 4181.746659299988,
                                            "count": 416768,
                                            "is_parallel": true,
                                            "self": 1785.8491030000441,