{
    "name": "root",
    "gauges": {
        "Drone.Policy.Entropy.mean": {
            "value": 1.4227136373519897,
            "min": 1.4227136373519897,
            "max": 1.4227136373519897,
            "count": 1
        },
        "Drone.Policy.Entropy.sum": {
            "value": 71135.6796875,
            "min": 71135.6796875,
            "max": 71135.6796875,
            "count": 1
        },
        "Drone.Step.mean": {
            "value": 49960.0,
            "min": 49960.0,
            "max": 49960.0,
            "count": 1
        },
        "Drone.Step.sum": {
            "value": 49960.0,
            "min": 49960.0,
            "max": 49960.0,
            "count": 1
        },
        "Drone.Policy.ExtrinsicValueEstimate.mean": {
            "value": 1.233486533164978,
            "min": 1.233486533164978,
            "max": 1.233486533164978,
            "count": 1
        },
        "Drone.Policy.ExtrinsicValueEstimate.sum": {
            "value": 985.5557861328125,
            "min": 985.5557861328125,
            "max": 985.5557861328125,
            "count": 1
        },
        "Drone.Environment.EpisodeLength.mean": {
            "value": 999.0,
            "min": 999.0,
            "max": 999.0,
            "count": 1
        },
        "Drone.Environment.EpisodeLength.sum": {
            "value": 49950.0,
            "min": 49950.0,
            "max": 49950.0,
            "count": 1
        },
        "Drone.Environment.CumulativeReward.mean": {
            "value": 205.5256700789442,
            "min": 205.5256700789442,
            "max": 205.5256700789442,
            "count": 1
        },
        "Drone.Environment.CumulativeReward.sum": {
            "value": 10070.757833868265,
            "min": 10070.757833868265,
            "max": 10070.757833868265,
            "count": 1
        },
        "Drone.Policy.ExtrinsicReward.mean": {
            "value": 205.5256700789442,
            "min": 205.5256700789442,
            "max": 205.5256700789442,
            "count": 1
        },
        "Drone.Policy.ExtrinsicReward.sum": {
            "value": 10070.757833868265,
            "min": 10070.757833868265,
            "max": 10070.757833868265,
            "count": 1
        },
        "Drone.Losses.PolicyLoss.mean": {
            "value": 0.0215380359373133,
            "min": 0.0215380359373133,
            "max": 0.0215380359373133,
            "count": 1
        },
        "Drone.Losses.PolicyLoss.sum": {
            "value": 0.0861521437492532,
            "min": 0.0861521437492532,
            "max": 0.0861521437492532,
            "count": 1
        },
        "Drone.Losses.ValueLoss.mean": {
            "value": 28.155241219202676,
            "min": 28.155241219202676,
            "max": 28.155241219202676,
            "count": 1
        },
        "Drone.Losses.ValueLoss.sum": {
            "value": 112.6209648768107,
            "min": 112.6209648768107,
            "max": 112.6209648768107,
            "count": 1
        },
        "Drone.Policy.LearningRate.mean": {
            "value": 0.0002846100051299999,
            "min": 0.0002846100051299999,
            "max": 0.0002846100051299999,
            "count": 1
        },
        "Drone.Policy.LearningRate.sum": {
            "value": 0.0011384400205199997,
            "min": 0.0011384400205199997,
            "max": 0.0011384400205199997,
            "count": 1
        },
        "Drone.Policy.Epsilon.mean": {
            "value": 0.19487000000000002,
            "min": 0.19487000000000002,
            "max": 0.19487000000000002,
            "count": 1
        },
        "Drone.Policy.Epsilon.sum": {
            "value": 0.7794800000000001,
            "min": 0.7794800000000001,
            "max": 0.7794800000000001,
            "count": 1
        },
        "Drone.Policy.Beta.mean": {
            "value": 0.004744012999999999,
            "min": 0.004744012999999999,
            "max": 0.004744012999999999,
            "count": 1
        },
        "Drone.Policy.Beta.sum": {
            "value": 0.018976051999999997,
            "min": 0.018976051999999997,
            "max": 0.018976051999999997,
            "count": 1
        },
        "Drone.IsTraining.mean": {
            "value": 1.0,
            "min": 1.0,
            "max": 1.0,
            "count": 1
        },
        "Drone.IsTraining.sum": {
            "value": 1.0,
            "min": 1.0,
            "max": 1.0,
            "count": 1
        }
    },
    "metadata": {
        "timer_format_version": "0.1.0",
        "start_time_seconds": "1748147008",
        "python_version": "3.10.12 (main, Jul  5 2023, 15:02:25) [Clang 14.0.6 ]",
        "command_line_arguments": "/Users/hamza/anaconda3/envs/mlagents/bin/mlagents-learn --run-id=drone18",
        "mlagents_version": "1.1.0",
        "mlagents_envs_version": "1.1.0",
        "communication_protocol_version": "1.5.0",
        "pytorch_version": "2.7.0",
        "numpy_version": "1.23.5",
        "end_time_seconds": "1748147501"
    },
    "total": 493.44249654099985,
    "count": 1,
    "self": 0.0047647500005041366,
    "children": {
        "run_training.setup": {
            "total": 0.019089249999524327,
            "count": 1,
            "self": 0.019089249999524327
        },
        "TrainerController.start_learning": {
            "total": 493.4186425409998,
            "count": 1,
            "self": 0.995145256863907,
            "children": {
                "TrainerController._reset_env": {
                    "total": 6.7607685829998445,
                    "count": 1,
                    "self": 6.7607685829998445
                },
                "TrainerController.advance": {
                    "total": 485.5416929511366,
                    "count": 99024,
                    "self": 0.9093414702856535,
                    "children": {
                        "env_step": {
                            "total": 472.55972021397156,
                            "count": 99024,
                            "self": 440.78655951987093,
                            "children": {
                                "SubprocessEnvManager._take_step": {
                                    "total": 31.077598970167855,
                                    "count": 99024,
                                    "self": 2.408446901287789,
                                    "children": {
                                        "TorchPolicy.evaluate": {
                                            "total": 28.669152068880067,
                                            "count": 99024,
                                            "self": 28.669152068880067
                                        }
                                    }
                                },
                                "workers": {
                                    "total": 0.6955617239327694,
                                    "count": 99023,
                                    "self": 0.0,
                                    "children": {
                                        "worker_root": {
                                            "total": 423.42306703813574,
                                            "count": 99023,
                                            "is_parallel": true,
                                            "self": 89.0477235751041,
                                            "children": {
                                                "steps_from_proto": {
                                                    "total": 0.0013329999992492958,
                                                    "count": 1,
                                                    "is_parallel": true,
                                                    "self": 0.00011874899882968748,